"region","service","ip"
"usdodcentral","ActionGroup","2001:489a:3203:402::178/125"
"usdodeast","ActionGroup","2001:489a:3303:402::178/125"
"usgovarizona","ActionGroup","52.127.5.156/30"
"usgovarizona","ActionGroup","52.127.10.212/30"
"usgovarizona","ActionGroup","52.244.65.137/32"
"usgovarizona","ActionGroup","2001:489a:3604:402::178/125"
"usgovtexas","ActionGroup","2001:489a:3403:402::178/125"
"usgovvirginia","ActionGroup","13.72.19.232/32"
"usgovvirginia","ActionGroup","2001:489a:3103:402::178/125"
"usdodcentral","AzureApiManagement","52.127.58.192/31"
"usdodcentral","AzureApiManagement","52.127.59.128/28"
"usdodcentral","AzureApiManagement","52.182.32.132/32"
"usdodcentral","AzureApiManagement","2001:489a:3203:402::140/124"
"usdodeast","AzureApiManagement","52.126.202.168/31"
"usdodeast","AzureApiManagement","52.126.203.80/28"
"usdodeast","AzureApiManagement","52.181.32.192/32"
"usdodeast","AzureApiManagement","2001:489a:3303:402::140/124"
"usgovarizona","AzureApiManagement","52.127.2.224/31"
"usgovarizona","AzureApiManagement","52.127.3.160/28"
"usgovarizona","AzureApiManagement","52.244.32.39/32"
"usgovarizona","AzureApiManagement","2001:489a:3604:402::140/124"
"usgoviowa","AzureApiManagement","13.73.72.21/32"
"usgoviowa","AzureApiManagement","52.127.27.32/28"
"usgovtexas","AzureApiManagement","52.127.34.192/31"
"usgovtexas","AzureApiManagement","52.127.35.128/28"
"usgovtexas","AzureApiManagement","52.238.114.8/32"
"usgovtexas","AzureApiManagement","52.238.116.144/32"
"usgovtexas","AzureApiManagement","52.243.154.118/32"
"usgovtexas","AzureApiManagement","2001:489a:3403:402::140/124"
"usgovvirginia","AzureApiManagement","13.72.39.168/32"
"usgovvirginia","AzureApiManagement","52.127.42.160/31"
"usgovvirginia","AzureApiManagement","52.127.43.128/28"
"usgovvirginia","AzureApiManagement","52.227.182.70/32"
"usgovvirginia","AzureApiManagement","52.227.222.92/32"
"usgovvirginia","AzureApiManagement","2001:489a:3103:402::140/124"
"usdodcentral","AzureAppService","20.140.73.96/27"
"usdodcentral","AzureAppService","52.127.58.96/27"
"usdodcentral","AzureAppService","52.182.92.142/32"
"usdodcentral","AzureAppService","2001:489a:3203:402::a0/123"
"usdodeast","AzureAppService","20.140.65.96/27"
"usdodeast","AzureAppService","52.126.202.96/27"
"usdodeast","AzureAppService","52.181.160.209/32"
"usdodeast","AzureAppService","2001:489a:3303:402::a0/123"
"usdodeast","AzureAppService","2001:489a:3303:802::a0/123"
"usdodeast","AzureAppService","2001:489a:3303:c02::20/123"
"usgovarizona","AzureAppService","20.140.49.128/27"
"usgovarizona","AzureAppService","52.127.2.96/27"
"usgovarizona","AzureAppService","52.244.204.248/32"
"usgovarizona","AzureAppService","2001:489a:3604:402::a0/123"
"usgovarizona","AzureAppService","2001:489a:3604:802::a0/123"
"usgovarizona","AzureAppService","2001:489a:3604:c02::20/123"
"usgoviowa","AzureAppService","20.140.152.224/27"
"usgoviowa","AzureAppService","23.97.28.154/32"
"usgoviowa","AzureAppService","52.127.27.192/27"
"usgovtexas","AzureAppService","20.140.57.160/27"
"usgovtexas","AzureAppService","52.127.34.96/27"
"usgovtexas","AzureAppService","52.238.74.74/32"
"usgovtexas","AzureAppService","52.238.119.68/32"
"usgovtexas","AzureAppService","2001:489a:3403:402::a0/123"
"usgovvirginia","AzureAppService","13.72.17.233/32"
"usgovvirginia","AzureAppService","20.140.90.160/27"
"usgovvirginia","AzureAppService","20.140.93.160/27"
"usgovvirginia","AzureAppService","20.140.130.160/27"
"usgovvirginia","AzureAppService","23.97.10.232/32"
"usgovvirginia","AzureAppService","52.127.50.128/27"
"usgovvirginia","AzureAppService","52.247.175.244/32"
"usgovvirginia","AzureAppService","2001:489a:3103:402::a0/123"
"usgovvirginia","AzureAppService","2001:489a:3103:802::a0/123"
"usgovvirginia","AzureAppService","2001:489a:3103:c04::20/123"
"usdodcentral","AzureAppServiceManagement","52.182.93.40/32"
"usdodcentral","AzureAppServiceManagement","2001:489a:3203:402::100/122"
"usdodeast","AzureAppServiceManagement","52.181.183.11/32"
"usdodeast","AzureAppServiceManagement","2001:489a:3303:402::100/122"
"usdodeast","AzureAppServiceManagement","2001:489a:3303:802::100/122"
"usdodeast","AzureAppServiceManagement","2001:489a:3303:c02::80/122"
"usgovarizona","AzureAppServiceManagement","52.244.79.34/32"
"usgovarizona","AzureAppServiceManagement","52.244.206.254/32"
"usgovarizona","AzureAppServiceManagement","2001:489a:3604:402::100/122"
"usgovarizona","AzureAppServiceManagement","2001:489a:3604:802::100/122"
"usgovarizona","AzureAppServiceManagement","2001:489a:3604:c02::80/122"
"usgoviowa","AzureAppServiceManagement","13.72.180.105/32"
"usgoviowa","AzureAppServiceManagement","23.97.29.209/32"
"usgovtexas","AzureAppServiceManagement","52.238.74.16/32"
"usgovtexas","AzureAppServiceManagement","2001:489a:3403:402::100/122"
"usgovvirginia","AzureAppServiceManagement","13.72.53.37/32"
"usgovvirginia","AzureAppServiceManagement","20.140.91.0/26"
"usgovvirginia","AzureAppServiceManagement","20.140.93.0/26"
"usgovvirginia","AzureAppServiceManagement","20.140.131.192/26"
"usgovvirginia","AzureAppServiceManagement","52.227.80.100/32"
"usgovvirginia","AzureAppServiceManagement","2001:489a:3103:402::100/122"
"usgovvirginia","AzureAppServiceManagement","2001:489a:3103:802::100/122"
"usgovvirginia","AzureAppServiceManagement","2001:489a:3103:c04::80/122"
"usdodcentral","AzureArcInfrastructure","20.140.73.44/30"
"usdodcentral","AzureArcInfrastructure","20.140.74.132/30"
"usdodcentral","AzureArcInfrastructure","52.127.61.102/32"
"usdodeast","AzureArcInfrastructure","20.140.65.44/30"
"usdodeast","AzureArcInfrastructure","20.140.66.136/30"
"usdodeast","AzureArcInfrastructure","52.126.205.62/32"
"usgovarizona","AzureArcInfrastructure","20.140.48.252/30"
"usgovarizona","AzureArcInfrastructure","20.140.52.96/30"
"usgovarizona","AzureArcInfrastructure","52.127.5.154/32"
"usgoviowa","AzureArcInfrastructure","20.140.153.144/30"
"usgoviowa","AzureArcInfrastructure","52.127.27.141/32"
"usgovtexas","AzureArcInfrastructure","20.140.57.112/30"
"usgovtexas","AzureArcInfrastructure","20.140.60.116/30"
"usgovtexas","AzureArcInfrastructure","52.127.34.194/32"
"usgovvirginia","AzureArcInfrastructure","52.127.42.163/32"
"usgovvirginia","AzureArcInfrastructure","52.127.50.160/30"
"usgovvirginia","AzureArcInfrastructure","52.127.55.0/30"
"usdodcentral","AzureBackup","20.140.77.128/26"
"usdodcentral","AzureBackup","52.127.58.224/27"
"usdodcentral","AzureBackup","52.127.59.0/26"
"usdodcentral","AzureBackup","2001:489a:3203:402::200/121"
"usdodeast","AzureBackup","20.140.69.128/26"
"usdodeast","AzureBackup","52.126.202.192/26"
"usdodeast","AzureBackup","52.126.203.0/27"
"usdodeast","AzureBackup","2001:489a:3303:402::200/121"
"usdodeast","AzureBackup","2001:489a:3303:802::180/121"
"usdodeast","AzureBackup","2001:489a:3303:c02::100/121"
"usgovarizona","AzureBackup","20.140.53.240/28"
"usgovarizona","AzureBackup","52.127.3.0/26"
"usgovarizona","AzureBackup","52.127.3.64/27"
"usgovarizona","AzureBackup","2001:489a:3604:402::200/121"
"usgovarizona","AzureBackup","2001:489a:3604:802::180/121"
"usgovarizona","AzureBackup","2001:489a:3604:c02::100/121"
"usgoviowa","AzureBackup","52.127.26.96/27"
"usgoviowa","AzureBackup","52.127.26.128/26"
"usgovtexas","AzureBackup","20.140.145.64/26"
"usgovtexas","AzureBackup","52.127.34.224/27"
"usgovtexas","AzureBackup","52.127.35.0/26"
"usgovtexas","AzureBackup","2001:489a:3403:402::200/121"
"usgovvirginia","AzureBackup","20.140.91.80/28"
"usgovvirginia","AzureBackup","20.140.91.128/26"
"usgovvirginia","AzureBackup","20.140.93.64/26"
"usgovvirginia","AzureBackup","20.140.94.32/27"
"usgovvirginia","AzureBackup","20.140.130.240/28"
"usgovvirginia","AzureBackup","20.140.133.0/26"
"usgovvirginia","AzureBackup","20.140.133.64/27"
"usgovvirginia","AzureBackup","52.127.42.192/26"
"usgovvirginia","AzureBackup","52.127.43.0/27"
"usgovvirginia","AzureBackup","52.235.250.192/26"
"usgovvirginia","AzureBackup","2001:489a:3103:402::200/121"
"usgovvirginia","AzureBackup","2001:489a:3103:802::180/121"
"usgovvirginia","AzureBackup","2001:489a:3103:c04::100/121"
"usdodcentral","AzureBotService","20.140.72.64/30"
"usdodcentral","AzureBotService","52.127.58.196/30"
"usdodcentral","AzureBotService","2001:489a:3203::20/123"
"usdodeast","AzureBotService","20.140.64.64/30"
"usdodeast","AzureBotService","52.126.202.172/30"
"usdodeast","AzureBotService","2001:489a:3303::20/123"
"usgovarizona","AzureBotService","20.140.48.64/30"
"usgovarizona","AzureBotService","52.127.10.84/30"
"usgovarizona","AzureBotService","2001:489a:3604::20/123"
"usgoviowa","AzureBotService","52.127.27.136/30"
"usgovtexas","AzureBotService","20.140.56.64/30"
"usgovtexas","AzureBotService","52.127.34.196/30"
"usgovtexas","AzureBotService","2001:489a:3403::20/123"
"usgovvirginia","AzureBotService","52.127.42.164/30"
"usgovvirginia","AzureBotService","52.127.48.64/30"
"usgovvirginia","AzureBotService","2001:489a:3103::20/123"
"usdodcentral","AzureCognitiveSearch","20.140.72.96/28"
"usdodcentral","AzureCognitiveSearch","2001:489a:3203::180/121"
"usdodeast","AzureCognitiveSearch","20.140.64.96/28"
"usdodeast","AzureCognitiveSearch","2001:489a:3303::180/121"
"usgovarizona","AzureCognitiveSearch","20.140.48.96/28"
"usgovarizona","AzureCognitiveSearch","52.244.34.54/32"
"usgovarizona","AzureCognitiveSearch","2001:489a:3604::180/121"
"usgoviowa","AzureCognitiveSearch","20.140.152.32/28"
"usgovtexas","AzureCognitiveSearch","20.140.56.96/28"
"usgovtexas","AzureCognitiveSearch","52.243.155.184/32"
"usgovtexas","AzureCognitiveSearch","2001:489a:3403::180/121"
"usgovvirginia","AzureCognitiveSearch","52.127.48.112/28"
"usgovvirginia","AzureCognitiveSearch","52.227.216.86/32"
"usgovvirginia","AzureCognitiveSearch","2001:489a:3103::180/121"
"usdodcentral","AzureConnectors","52.127.58.160/28"
"usdodcentral","AzureConnectors","52.127.61.192/27"
"usdodcentral","AzureConnectors","2001:489a:3203:402::180/122"
"usdodeast","AzureConnectors","52.126.202.80/28"
"usdodeast","AzureConnectors","52.126.205.192/27"
"usdodeast","AzureConnectors","2001:489a:3303:402::180/122"
"usgovarizona","AzureConnectors","52.127.2.160/28"
"usgovarizona","AzureConnectors","52.127.5.224/27"
"usgovarizona","AzureConnectors","2001:489a:3604:402::180/122"
"usgoviowa","AzureConnectors","52.127.26.48/28"
"usgovtexas","AzureConnectors","20.140.137.128/27"
"usgovtexas","AzureConnectors","52.127.34.160/28"
"usgovtexas","AzureConnectors","2001:489a:3403:402::180/122"
"usgovvirginia","AzureConnectors","20.140.94.192/27"
"usgovvirginia","AzureConnectors","52.127.42.128/28"
"usgovvirginia","AzureConnectors","2001:489a:3103:402::180/122"
"usdodcentral","AzureContainerRegistry","52.127.56.192/26"
"usdodcentral","AzureContainerRegistry","52.127.58.88/29"
"usdodcentral","AzureContainerRegistry","52.127.61.32/27"
"usdodcentral","AzureContainerRegistry","2001:489a:3203:1::140/125"
"usdodcentral","AzureContainerRegistry","2001:489a:3203:402::90/125"
"usdodcentral","AzureContainerRegistry","2001:489a:3203:402::340/122"
"usdodcentral","AzureContainerRegistry","2001:489a:3203:402::500/121"
"usdodeast","AzureContainerRegistry","52.126.200.192/26"
"usdodeast","AzureContainerRegistry","52.126.202.64/29"
"usdodeast","AzureContainerRegistry","52.126.205.64/27"
"usdodeast","AzureContainerRegistry","2001:489a:3303:1::360/125"
"usdodeast","AzureContainerRegistry","2001:489a:3303:402::90/125"
"usdodeast","AzureContainerRegistry","2001:489a:3303:402::340/122"
"usdodeast","AzureContainerRegistry","2001:489a:3303:402::500/120"
"usdodeast","AzureContainerRegistry","2001:489a:3303:402::600/121"
"usdodeast","AzureContainerRegistry","2001:489a:3303:802::90/125"
"usdodeast","AzureContainerRegistry","2001:489a:3303:c02::10/125"
"usgovarizona","AzureContainerRegistry","20.140.52.128/26"
"usgovarizona","AzureContainerRegistry","52.127.0.192/26"
"usgovarizona","AzureContainerRegistry","52.127.2.88/29"
"usgovarizona","AzureContainerRegistry","52.127.5.96/27"
"usgovarizona","AzureContainerRegistry","52.127.12.64/26"
"usgovarizona","AzureContainerRegistry","52.127.12.128/26"
"usgovarizona","AzureContainerRegistry","52.127.20.64/26"
"usgovarizona","AzureContainerRegistry","52.127.20.128/26"
"usgovarizona","AzureContainerRegistry","2001:489a:3604:1::360/125"
"usgovarizona","AzureContainerRegistry","2001:489a:3604:402::90/125"
"usgovarizona","AzureContainerRegistry","2001:489a:3604:402::340/122"
"usgovarizona","AzureContainerRegistry","2001:489a:3604:402::500/121"
"usgovarizona","AzureContainerRegistry","2001:489a:3604:802::90/125"
"usgovarizona","AzureContainerRegistry","2001:489a:3604:c02::10/125"
"usgovarizona","AzureContainerRegistry","2001:489a:3604:c02::380/121"
"usgovtexas","AzureContainerRegistry","20.140.60.128/26"
"usgovtexas","AzureContainerRegistry","20.140.137.0/27"
"usgovtexas","AzureContainerRegistry","20.140.137.64/26"
"usgovtexas","AzureContainerRegistry","52.127.34.88/29"
"usgovtexas","AzureContainerRegistry","2001:489a:3403:1::140/125"
"usgovtexas","AzureContainerRegistry","2001:489a:3403:402::90/125"
"usgovtexas","AzureContainerRegistry","2001:489a:3403:402::340/122"
"usgovtexas","AzureContainerRegistry","2001:489a:3403:402::500/121"
"usgovvirginia","AzureContainerRegistry","20.140.88.192/26"
"usgovvirginia","AzureContainerRegistry","20.140.90.144/29"
"usgovvirginia","AzureContainerRegistry","20.140.130.144/29"
"usgovvirginia","AzureContainerRegistry","20.140.133.192/26"
"usgovvirginia","AzureContainerRegistry","20.140.134.0/26"
"usgovvirginia","AzureContainerRegistry","20.140.200.64/26"
"usgovvirginia","AzureContainerRegistry","20.140.200.128/26"
"usgovvirginia","AzureContainerRegistry","52.127.42.88/29"
"usgovvirginia","AzureContainerRegistry","52.127.45.128/27"
"usgovvirginia","AzureContainerRegistry","52.127.54.128/26"
"usgovvirginia","AzureContainerRegistry","2001:489a:3103:1::360/125"
"usgovvirginia","AzureContainerRegistry","2001:489a:3103:402::90/125"
"usgovvirginia","AzureContainerRegistry","2001:489a:3103:402::340/122"
"usgovvirginia","AzureContainerRegistry","2001:489a:3103:802::90/125"
"usgovvirginia","AzureContainerRegistry","2001:489a:3103:c03::80/121"
"usgovvirginia","AzureContainerRegistry","2001:489a:3103:c04::10/125"
"usgovvirginia","AzureContainerRegistry","2001:489a:3103:c04::380/121"
"usdodcentral","AzureCosmosDB","20.140.75.0/27"
"usdodcentral","AzureCosmosDB","52.127.58.0/27"
"usdodcentral","AzureCosmosDB","52.180.252.170/32"
"usdodcentral","AzureCosmosDB","52.182.54.215/32"
"usdodcentral","AzureCosmosDB","2001:489a:3203:1::100/123"
"usdodcentral","AzureCosmosDB","2001:489a:3203:402::c0/122"
"usdodeast","AzureCosmosDB","20.140.67.0/27"
"usdodeast","AzureCosmosDB","52.126.202.0/27"
"usdodeast","AzureCosmosDB","52.181.176.132/32"
"usdodeast","AzureCosmosDB","52.181.180.183/32"
"usdodeast","AzureCosmosDB","52.181.182.96/32"
"usdodeast","AzureCosmosDB","2001:489a:3303:1::320/123"
"usdodeast","AzureCosmosDB","2001:489a:3303:402::c0/122"
"usdodeast","AzureCosmosDB","2001:489a:3303:802::c0/122"
"usdodeast","AzureCosmosDB","2001:489a:3303:c02::40/122"
"usgovarizona","AzureCosmosDB","20.140.52.32/27"
"usgovarizona","AzureCosmosDB","52.127.2.192/27"
"usgovarizona","AzureCosmosDB","52.127.10.144/29"
"usgovarizona","AzureCosmosDB","52.127.18.176/29"
"usgovarizona","AzureCosmosDB","52.244.48.69/32"
"usgovarizona","AzureCosmosDB","52.244.65.141/32"
"usgovarizona","AzureCosmosDB","2001:489a:3604:1::320/123"
"usgovarizona","AzureCosmosDB","2001:489a:3604:402::c0/122"
"usgovarizona","AzureCosmosDB","2001:489a:3604:802::c0/122"
"usgovarizona","AzureCosmosDB","2001:489a:3604:c02::40/122"
"usgoviowa","AzureCosmosDB","20.140.153.160/27"
"usgovtexas","AzureCosmosDB","20.140.60.32/27"
"usgovtexas","AzureCosmosDB","52.127.34.0/27"
"usgovtexas","AzureCosmosDB","52.238.116.57/32"
"usgovtexas","AzureCosmosDB","2001:489a:3403:1::100/123"
"usgovtexas","AzureCosmosDB","2001:489a:3403:402::c0/122"
"usgovvirginia","AzureCosmosDB","20.140.90.0/26"
"usgovvirginia","AzureCosmosDB","20.140.130.0/26"
"usgovvirginia","AzureCosmosDB","23.97.0.144/32"
"usgovvirginia","AzureCosmosDB","52.127.42.0/27"
"usgovvirginia","AzureCosmosDB","52.127.54.32/27"
"usgovvirginia","AzureCosmosDB","52.227.165.220/32"
"usgovvirginia","AzureCosmosDB","2001:489a:3103:1::320/123"
"usgovvirginia","AzureCosmosDB","2001:489a:3103:402::c0/122"
"usgovvirginia","AzureCosmosDB","2001:489a:3103:802::c0/122"
"usgovvirginia","AzureCosmosDB","2001:489a:3103:c04::40/122"
"usdodcentral","AzureDataExplorerManagement","52.127.59.144/28"
"usdodcentral","AzureDataExplorerManagement","52.182.33.66/32"
"usdodcentral","AzureDataExplorerManagement","2001:489a:3203:402::150/124"
"usdodeast","AzureDataExplorerManagement","52.126.203.128/28"
"usdodeast","AzureDataExplorerManagement","52.181.33.69/32"
"usdodeast","AzureDataExplorerManagement","2001:489a:3303:402::150/124"
"usgovarizona","AzureDataExplorerManagement","52.127.3.192/28"
"usgovarizona","AzureDataExplorerManagement","52.244.33.193/32"
"usgovarizona","AzureDataExplorerManagement","2001:489a:3604:402::150/124"
"usgovtexas","AzureDataExplorerManagement","52.127.35.144/28"
"usgovtexas","AzureDataExplorerManagement","52.243.157.34/32"
"usgovtexas","AzureDataExplorerManagement","2001:489a:3403:402::150/124"
"usgovvirginia","AzureDataExplorerManagement","52.127.43.160/28"
"usgovvirginia","AzureDataExplorerManagement","52.227.228.88/32"
"usgovvirginia","AzureDataExplorerManagement","2001:489a:3103:402::150/124"
"usdodcentral","AzureEventGrid","20.140.72.192/26"
"usdodcentral","AzureEventGrid","52.182.33.16/28"
"usdodcentral","AzureEventGrid","52.182.33.32/28"
"usdodcentral","AzureEventGrid","2001:489a:3203::380/121"
"usdodeast","AzureEventGrid","20.140.64.192/26"
"usdodeast","AzureEventGrid","2001:489a:3303::380/121"
"usgovarizona","AzureEventGrid","20.140.49.0/26"
"usgovarizona","AzureEventGrid","52.244.34.80/28"
"usgovarizona","AzureEventGrid","52.244.34.96/28"
"usgovarizona","AzureEventGrid","2001:489a:3604::380/121"
"usgoviowa","AzureEventGrid","20.140.152.128/26"
"usgovtexas","AzureEventGrid","20.140.57.0/26"
"usgovtexas","AzureEventGrid","52.243.156.176/28"
"usgovtexas","AzureEventGrid","52.243.156.192/28"
"usgovtexas","AzureEventGrid","2001:489a:3403::380/121"
"usgovvirginia","AzureEventGrid","52.127.50.0/26"
"usgovvirginia","AzureEventGrid","52.227.226.64/27"
"usgovvirginia","AzureEventGrid","2001:489a:3103::380/121"
"usdodcentral","AzureEventHub","52.127.58.32/27"
"usdodcentral","AzureEventHub","52.182.90.133/32"
"usdodcentral","AzureEventHub","52.182.90.144/32"
"usdodcentral","AzureEventHub","2001:489a:3203::240/122"
"usdodcentral","AzureEventHub","2001:489a:3203:402::1c0/123"
"usdodeast","AzureEventHub","52.126.202.32/28"
"usdodeast","AzureEventHub","52.181.162.129/32"
"usdodeast","AzureEventHub","52.181.162.144/32"
"usdodeast","AzureEventHub","2001:489a:3303::240/122"
"usdodeast","AzureEventHub","2001:489a:3303:402::1c0/123"
"usdodeast","AzureEventHub","2001:489a:3303:802::160/123"
"usdodeast","AzureEventHub","2001:489a:3303:c02::e0/123"
"usgovarizona","AzureEventHub","52.127.2.32/27"
"usgovarizona","AzureEventHub","52.244.48.75/32"
"usgovarizona","AzureEventHub","52.244.48.85/32"
"usgovarizona","AzureEventHub","52.244.202.159/32"
"usgovarizona","AzureEventHub","2001:489a:3604::240/122"
"usgovarizona","AzureEventHub","2001:489a:3604:402::1c0/123"
"usgovarizona","AzureEventHub","2001:489a:3604:802::160/123"
"usgovarizona","AzureEventHub","2001:489a:3604:c02::e0/123"
"usgoviowa","AzureEventHub","23.97.16.186/32"
"usgoviowa","AzureEventHub","23.97.16.249/32"
"usgoviowa","AzureEventHub","52.127.26.0/27"
"usgovtexas","AzureEventHub","52.127.34.32/27"
"usgovtexas","AzureEventHub","52.238.114.175/32"
"usgovtexas","AzureEventHub","52.238.116.59/32"
"usgovtexas","AzureEventHub","52.238.116.60/32"
"usgovtexas","AzureEventHub","2001:489a:3403::240/122"
"usgovtexas","AzureEventHub","2001:489a:3403:402::1c0/123"
"usgovvirginia","AzureEventHub","20.140.90.64/26"
"usgovvirginia","AzureEventHub","20.140.94.0/27"
"usgovvirginia","AzureEventHub","20.140.130.64/26"
"usgovvirginia","AzureEventHub","20.140.131.160/27"
"usgovvirginia","AzureEventHub","23.97.0.197/32"
"usgovvirginia","AzureEventHub","23.97.2.26/32"
"usgovvirginia","AzureEventHub","52.127.42.32/27"
"usgovvirginia","AzureEventHub","52.227.171.130/32"
"usgovvirginia","AzureEventHub","2001:489a:3103::240/122"
"usgovvirginia","AzureEventHub","2001:489a:3103:402::1c0/123"
"usgovvirginia","AzureEventHub","2001:489a:3103:802::160/123"
"usgovvirginia","AzureEventHub","2001:489a:3103:c04::e0/123"
"usdodcentral","AzureIoTHub","20.140.73.224/27"
"usdodcentral","AzureIoTHub","20.140.74.0/25"
"usdodcentral","AzureIoTHub","52.127.61.0/27"
"usdodcentral","AzureIoTHub","2001:489a:3203:402::300/123"
"usdodeast","AzureIoTHub","20.140.65.224/27"
"usdodeast","AzureIoTHub","20.140.66.0/25"
"usdodeast","AzureIoTHub","52.126.205.0/27"
"usdodeast","AzureIoTHub","2001:489a:3303:402::300/123"
"usdodeast","AzureIoTHub","2001:489a:3303:802::240/123"
"usdodeast","AzureIoTHub","2001:489a:3303:c02::1c0/123"
"usgovarizona","AzureIoTHub","20.140.51.64/27"
"usgovarizona","AzureIoTHub","20.140.51.128/25"
"usgovarizona","AzureIoTHub","52.127.5.32/27"
"usgovarizona","AzureIoTHub","52.127.10.160/27"
"usgovarizona","AzureIoTHub","52.127.18.128/27"
"usgovarizona","AzureIoTHub","52.244.206.149/32"
"usgovarizona","AzureIoTHub","2001:489a:3604:402::300/123"
"usgovarizona","AzureIoTHub","2001:489a:3604:802::240/123"
"usgovarizona","AzureIoTHub","2001:489a:3604:c02::1c0/123"
"usgoviowa","AzureIoTHub","52.127.27.224/27"
"usgovtexas","AzureIoTHub","20.140.58.96/27"
"usgovtexas","AzureIoTHub","20.140.58.128/25"
"usgovtexas","AzureIoTHub","52.127.38.32/27"
"usgovtexas","AzureIoTHub","52.238.117.158/32"
"usgovtexas","AzureIoTHub","2001:489a:3403:402::300/123"
"usgovvirginia","AzureIoTHub","20.140.93.192/27"
"usgovvirginia","AzureIoTHub","20.140.131.64/27"
"usgovvirginia","AzureIoTHub","52.127.45.64/27"
"usgovvirginia","AzureIoTHub","52.127.52.32/27"
"usgovvirginia","AzureIoTHub","52.127.52.128/25"
"usgovvirginia","AzureIoTHub","2001:489a:3103:402::300/123"
"usgovvirginia","AzureIoTHub","2001:489a:3103:802::240/123"
"usgovvirginia","AzureIoTHub","2001:489a:3103:c04::1c0/123"
"usdodcentral","AzureKeyVault","52.182.88.66/32"
"usdodcentral","AzureKeyVault","52.182.88.70/32"
"usdodcentral","AzureKeyVault","2001:489a:3203:402::80/125"
"usdodeast","AzureKeyVault","52.181.160.79/32"
"usdodeast","AzureKeyVault","52.181.160.83/32"
"usdodeast","AzureKeyVault","2001:489a:3303:402::80/125"
"usdodeast","AzureKeyVault","2001:489a:3303:802::80/125"
"usdodeast","AzureKeyVault","2001:489a:3303:c02::/125"
"usgovarizona","AzureKeyVault","52.244.48.22/31"
"usgovarizona","AzureKeyVault","2001:489a:3604:402::80/125"
"usgovarizona","AzureKeyVault","2001:489a:3604:802::80/125"
"usgovarizona","AzureKeyVault","2001:489a:3604:c02::/125"
"usgoviowa","AzureKeyVault","23.97.30.16/32"
"usgoviowa","AzureKeyVault","23.97.31.219/32"
"usgovtexas","AzureKeyVault","52.238.116.14/31"
"usgovtexas","AzureKeyVault","2001:489a:3403:402::80/125"
"usgovvirginia","AzureKeyVault","20.140.93.224/30"
"usgovvirginia","AzureKeyVault","20.140.131.128/30"
"usgovvirginia","AzureKeyVault","20.140.200.200/30"
"usgovvirginia","AzureKeyVault","23.97.13.41/32"
"usgovvirginia","AzureKeyVault","23.97.13.179/32"
"usgovvirginia","AzureKeyVault","2001:489a:3103:402::80/125"
"usgovvirginia","AzureKeyVault","2001:489a:3103:802::80/125"
"usgovvirginia","AzureKeyVault","2001:489a:3103:c04::/125"
"usdodcentral","AzureMachineLearning","2001:489a:3203::300/122"
"usdodeast","AzureMachineLearning","52.126.202.176/28"
"usdodeast","AzureMachineLearning","2001:489a:3303::2c0/122"
"usgovarizona","AzureMachineLearning","20.140.48.144/28"
"usgovarizona","AzureMachineLearning","52.127.2.240/28"
"usgovarizona","AzureMachineLearning","52.127.10.64/28"
"usgovarizona","AzureMachineLearning","52.127.18.64/28"
"usgovarizona","AzureMachineLearning","2001:489a:3604::2c0/122"
"usgovtexas","AzureMachineLearning","20.140.58.64/28"
"usgovtexas","AzureMachineLearning","2001:489a:3403::300/122"
"usgovvirginia","AzureMachineLearning","20.140.91.64/28"
"usgovvirginia","AzureMachineLearning","20.140.130.224/28"
"usgovvirginia","AzureMachineLearning","52.127.42.176/28"
"usgovvirginia","AzureMachineLearning","52.127.48.80/28"
"usgovvirginia","AzureMachineLearning","2001:489a:3103::2c0/122"
"usdodcentral","AzureMonitor","20.140.76.176/28"
"usdodcentral","AzureMonitor","52.127.58.208/28"
"usdodcentral","AzureMonitor","52.127.59.208/29"
"usdodcentral","AzureMonitor","52.245.128.48/28"
"usdodcentral","AzureMonitor","2001:489a:3203::780/121"
"usdodeast","AzureMonitor","20.140.68.160/28"
"usdodeast","AzureMonitor","52.126.203.64/29"
"usdodeast","AzureMonitor","52.126.203.192/29"
"usdodeast","AzureMonitor","52.245.136.48/28"
"usdodeast","AzureMonitor","2001:489a:3303::280/122"
"usdodeast","AzureMonitor","2001:489a:3303:1::60/123"
"usdodeast","AzureMonitor","2001:489a:3303:1::1c0/122"
"usdodeast","AzureMonitor","2001:489a:3303:1::300/123"
"usgovarizona","AzureMonitor","20.140.49.176/31"
"usgovarizona","AzureMonitor","20.140.49.179/32"
"usgovarizona","AzureMonitor","20.140.51.32/28"
"usgovarizona","AzureMonitor","20.140.51.116/30"
"usgovarizona","AzureMonitor","20.140.51.120/29"
"usgovarizona","AzureMonitor","20.140.52.0/29"
"usgovarizona","AzureMonitor","20.140.52.8/31"
"usgovarizona","AzureMonitor","20.140.53.96/28"
"usgovarizona","AzureMonitor","20.140.224.48/28"
"usgovarizona","AzureMonitor","52.127.2.232/29"
"usgovarizona","AzureMonitor","52.127.3.184/29"
"usgovarizona","AzureMonitor","52.127.10.80/30"
"usgovarizona","AzureMonitor","52.127.10.88/29"
"usgovarizona","AzureMonitor","52.127.10.210/32"
"usgovarizona","AzureMonitor","52.127.18.80/30"
"usgovarizona","AzureMonitor","52.127.18.88/29"
"usgovarizona","AzureMonitor","52.244.69.33/32"
"usgovarizona","AzureMonitor","52.244.71.27/32"
"usgovarizona","AzureMonitor","52.244.252.10/32"
"usgovarizona","AzureMonitor","52.244.252.98/32"
"usgovarizona","AzureMonitor","2001:489a:3604::280/122"
"usgovarizona","AzureMonitor","2001:489a:3604:1::60/123"
"usgovarizona","AzureMonitor","2001:489a:3604:1::1c0/122"
"usgovarizona","AzureMonitor","2001:489a:3604:1::300/123"
"usgoviowa","AzureMonitor","52.127.26.80/28"
"usgoviowa","AzureMonitor","52.127.27.128/29"
"usgovtexas","AzureMonitor","20.140.137.160/28"
"usgovtexas","AzureMonitor","20.140.144.112/28"
"usgovtexas","AzureMonitor","52.127.34.208/28"
"usgovtexas","AzureMonitor","52.127.35.208/29"
"usgovtexas","AzureMonitor","2001:489a:3403::780/121"
"usgovvirginia","AzureMonitor","13.72.12.79/32"
"usgovvirginia","AzureMonitor","13.72.37.83/32"
"usgovvirginia","AzureMonitor","13.72.38.203/32"
"usgovvirginia","AzureMonitor","20.140.90.152/29"
"usgovvirginia","AzureMonitor","20.140.93.230/32"
"usgovvirginia","AzureMonitor","20.140.93.240/28"
"usgovvirginia","AzureMonitor","20.140.94.176/28"
"usgovvirginia","AzureMonitor","20.140.130.152/29"
"usgovvirginia","AzureMonitor","20.140.131.144/28"
"usgovvirginia","AzureMonitor","23.97.3.12/32"
"usgovvirginia","AzureMonitor","23.97.4.113/32"
"usgovvirginia","AzureMonitor","52.127.42.168/29"
"usgovvirginia","AzureMonitor","52.127.43.152/29"
"usgovvirginia","AzureMonitor","52.127.48.68/31"
"usgovvirginia","AzureMonitor","52.127.52.0/28"
"usgovvirginia","AzureMonitor","52.127.52.100/30"
"usgovvirginia","AzureMonitor","52.127.52.104/29"
"usgovvirginia","AzureMonitor","52.127.52.112/29"
"usgovvirginia","AzureMonitor","52.127.52.120/32"
"usgovvirginia","AzureMonitor","52.127.52.122/31"
"usgovvirginia","AzureMonitor","52.127.55.192/28"
"usgovvirginia","AzureMonitor","52.227.158.176/32"
"usgovvirginia","AzureMonitor","52.227.163.139/32"
"usgovvirginia","AzureMonitor","52.227.170.66/32"
"usgovvirginia","AzureMonitor","2001:489a:3103::280/122"
"usgovvirginia","AzureMonitor","2001:489a:3103:1::60/123"
"usgovvirginia","AzureMonitor","2001:489a:3103:1::1c0/122"
"usgovvirginia","AzureMonitor","2001:489a:3103:1::300/123"
"usdodcentral","AzurePortal","20.140.73.32/29"
"usdodcentral","AzurePortal","20.140.73.48/29"
"usdodcentral","AzurePortal","20.140.75.168/29"
"usdodcentral","AzurePortal","2001:489a:3203::700/121"
"usdodeast","AzurePortal","20.140.65.32/29"
"usdodeast","AzurePortal","20.140.65.48/29"
"usdodeast","AzurePortal","20.140.68.144/29"
"usdodeast","AzurePortal","2001:489a:3303::680/121"
"usdodeast","AzurePortal","2001:489a:3303:1::100/121"
"usgovarizona","AzurePortal","20.140.48.232/29"
"usgovarizona","AzurePortal","20.140.49.160/28"
"usgovarizona","AzurePortal","20.140.49.180/30"
"usgovarizona","AzurePortal","20.140.49.184/30"
"usgovarizona","AzurePortal","20.140.52.104/29"
"usgovarizona","AzurePortal","52.127.20.16/28"
"usgovarizona","AzurePortal","52.244.48.71/32"
"usgovarizona","AzurePortal","52.244.64.173/32"
"usgovarizona","AzurePortal","52.244.67.177/32"
"usgovarizona","AzurePortal","2001:489a:3604::680/121"
"usgovarizona","AzurePortal","2001:489a:3604:1::100/121"
"usgoviowa","AzurePortal","20.140.152.104/30"
"usgoviowa","AzurePortal","20.140.153.152/29"
"usgoviowa","AzurePortal","23.97.26.80/32"
"usgoviowa","AzurePortal","23.97.28.145/32"
"usgoviowa","AzurePortal","23.97.29.154/32"
"usgoviowa","AzurePortal","23.97.30.7/32"
"usgoviowa","AzurePortal","23.97.30.48/32"
"usgovtexas","AzurePortal","20.140.57.96/29"
"usgovtexas","AzurePortal","20.140.57.116/30"
"usgovtexas","AzurePortal","20.140.57.120/30"
"usgovtexas","AzurePortal","20.140.57.124/31"
"usgovtexas","AzurePortal","20.140.144.48/29"
"usgovtexas","AzurePortal","20.140.144.56/31"
"usgovtexas","AzurePortal","52.238.115.136/32"
"usgovtexas","AzurePortal","52.238.116.132/32"
"usgovtexas","AzurePortal","52.238.118.115/32"
"usgovtexas","AzurePortal","52.238.118.253/32"
"usgovtexas","AzurePortal","52.238.119.77/32"
"usgovtexas","AzurePortal","2001:489a:3403::700/121"
"usgovvirginia","AzurePortal","13.72.12.98/32"
"usgovvirginia","AzurePortal","20.140.94.160/28"
"usgovvirginia","AzurePortal","23.97.12.183/32"
"usgovvirginia","AzurePortal","52.127.49.168/29"
"usgovvirginia","AzurePortal","52.127.49.184/30"
"usgovvirginia","AzurePortal","52.127.50.164/30"
"usgovvirginia","AzurePortal","52.127.50.168/30"
"usgovvirginia","AzurePortal","52.127.50.176/28"
"usgovvirginia","AzurePortal","52.127.55.8/29"
"usgovvirginia","AzurePortal","52.227.15.80/32"
"usgovvirginia","AzurePortal","52.227.80.140/32"
"usgovvirginia","AzurePortal","2001:489a:3103::680/121"
"usgovvirginia","AzurePortal","2001:489a:3103:1::100/121"
"usdodcentral","AzureResourceManager","20.140.78.0/23"
"usdodcentral","AzureResourceManager","52.127.59.192/28"
"usdodcentral","AzureResourceManager","52.127.62.0/23"
"usdodcentral","AzureResourceManager","2001:489a:3203::6c0/122"
"usdodcentral","AzureResourceManager","2001:489a:3203:1::200/120"
"usdodcentral","AzureResourceManager","2001:489a:3203:402::280/122"
"usdodeast","AzureResourceManager","20.140.70.0/23"
"usdodeast","AzureResourceManager","52.126.203.144/28"
"usdodeast","AzureResourceManager","52.126.206.0/23"
"usdodeast","AzureResourceManager","2001:489a:3303:1::180/122"
"usdodeast","AzureResourceManager","2001:489a:3303:1::400/120"
"usdodeast","AzureResourceManager","2001:489a:3303:402::280/122"
"usgovarizona","AzureResourceManager","20.140.54.0/23"
"usgovarizona","AzureResourceManager","52.127.3.208/28"
"usgovarizona","AzureResourceManager","52.127.6.0/23"
"usgovarizona","AzureResourceManager","2001:489a:3604:1::180/122"
"usgovarizona","AzureResourceManager","2001:489a:3604:1::400/120"
"usgovarizona","AzureResourceManager","2001:489a:3604:402::280/122"
"usgoviowa","AzureResourceManager","20.140.156.0/23"
"usgoviowa","AzureResourceManager","52.127.27.48/28"
"usgoviowa","AzureResourceManager","52.127.30.0/23"
"usgovtexas","AzureResourceManager","20.140.62.0/23"
"usgovtexas","AzureResourceManager","20.140.136.0/24"
"usgovtexas","AzureResourceManager","52.127.35.192/28"
"usgovtexas","AzureResourceManager","52.127.39.0/24"
"usgovtexas","AzureResourceManager","2001:489a:3403::6c0/122"
"usgovtexas","AzureResourceManager","2001:489a:3403:1::200/120"
"usgovtexas","AzureResourceManager","2001:489a:3403:402::280/122"
"usgovvirginia","AzureResourceManager","52.127.43.176/28"
"usgovvirginia","AzureResourceManager","52.127.46.0/23"
"usgovvirginia","AzureResourceManager","52.235.248.0/23"
"usgovvirginia","AzureResourceManager","2001:489a:3103:1::180/122"
"usgovvirginia","AzureResourceManager","2001:489a:3103:1::400/120"
"usgovvirginia","AzureResourceManager","2001:489a:3103:402::280/122"
"usdodcentral","AzureSQL","20.140.76.192/26"
"usdodcentral","AzureSQL","20.140.77.0/26"
"usdodcentral","AzureSQL","52.127.56.0/27"
"usdodcentral","AzureSQL","52.127.57.0/27"
"usdodcentral","AzureSQL","52.127.57.32/29"
"usdodcentral","AzureSQL","52.182.88.34/31"
"usdodcentral","AzureSQL","52.182.88.36/32"
"usdodcentral","AzureSQL","2001:489a:3203::280/123"
"usdodcentral","AzureSQL","2001:489a:3203:1::380/121"
"usdodcentral","AzureSQL","2001:489a:3203:400::/123"
"usdodcentral","AzureSQL","2001:489a:3203:401::/123"
"usdodeast","AzureSQL","20.140.68.192/26"
"usdodeast","AzureSQL","20.140.69.0/26"
"usdodeast","AzureSQL","52.126.200.0/27"
"usdodeast","AzureSQL","52.126.201.0/27"
"usdodeast","AzureSQL","52.126.201.32/29"
"usdodeast","AzureSQL","52.181.160.27/32"
"usdodeast","AzureSQL","52.181.160.28/31"
"usdodeast","AzureSQL","52.181.160.30/32"
"usdodeast","AzureSQL","2001:489a:3303:1::560/123"
"usdodeast","AzureSQL","2001:489a:3303:1::580/121"
"usdodeast","AzureSQL","2001:489a:3303:400::800/123"
"usdodeast","AzureSQL","2001:489a:3303:401::800/123"
"usdodeast","AzureSQL","2001:489a:3303:800::800/123"
"usdodeast","AzureSQL","2001:489a:3303:801::800/123"
"usdodeast","AzureSQL","2001:489a:3303:c00::800/123"
"usdodeast","AzureSQL","2001:489a:3303:c01::800/123"
"usgovarizona","AzureSQL","20.140.53.160/27"
"usgovarizona","AzureSQL","20.140.53.192/27"
"usgovarizona","AzureSQL","52.127.0.0/27"
"usgovarizona","AzureSQL","52.127.1.0/27"
"usgovarizona","AzureSQL","52.127.1.32/29"
"usgovarizona","AzureSQL","52.127.8.0/27"
"usgovarizona","AzureSQL","52.127.9.0/27"
"usgovarizona","AzureSQL","52.127.12.56/29"
"usgovarizona","AzureSQL","52.127.16.0/27"
"usgovarizona","AzureSQL","52.127.17.0/27"
"usgovarizona","AzureSQL","52.127.20.48/29"
"usgovarizona","AzureSQL","52.244.48.33/32"
"usgovarizona","AzureSQL","52.244.48.34/32"
"usgovarizona","AzureSQL","2001:489a:3604:1::560/123"
"usgovarizona","AzureSQL","2001:489a:3604:1::580/121"
"usgovarizona","AzureSQL","2001:489a:3604:400::800/123"
"usgovarizona","AzureSQL","2001:489a:3604:401::800/123"
"usgovarizona","AzureSQL","2001:489a:3604:800::800/123"
"usgovarizona","AzureSQL","2001:489a:3604:801::800/123"
"usgovarizona","AzureSQL","2001:489a:3604:c00::/123"
"usgovarizona","AzureSQL","2001:489a:3604:c01::/123"
"usgoviowa","AzureSQL","13.72.189.52/32"
"usgoviowa","AzureSQL","13.72.190.8/32"
"usgoviowa","AzureSQL","52.127.24.0/27"
"usgoviowa","AzureSQL","52.127.25.0/27"
"usgovtexas","AzureSQL","20.140.144.160/27"
"usgovtexas","AzureSQL","20.140.144.192/27"
"usgovtexas","AzureSQL","20.140.145.0/26"
"usgovtexas","AzureSQL","52.127.32.0/27"
"usgovtexas","AzureSQL","52.127.33.0/27"
"usgovtexas","AzureSQL","52.127.33.32/29"
"usgovtexas","AzureSQL","52.238.116.32/31"
"usgovtexas","AzureSQL","2001:489a:3403::280/123"
"usgovtexas","AzureSQL","2001:489a:3403:1::380/121"
"usgovtexas","AzureSQL","2001:489a:3403:400::/123"
"usgovtexas","AzureSQL","2001:489a:3403:401::/123"
"usgovvirginia","AzureSQL","13.72.48.140/32"
"usgovvirginia","AzureSQL","13.72.52.5/32"
"usgovvirginia","AzureSQL","20.140.88.0/27"
"usgovvirginia","AzureSQL","20.140.88.32/29"
"usgovvirginia","AzureSQL","20.140.89.0/27"
"usgovvirginia","AzureSQL","20.140.89.32/29"
"usgovvirginia","AzureSQL","20.140.128.0/27"
"usgovvirginia","AzureSQL","20.140.128.32/29"
"usgovvirginia","AzureSQL","20.140.129.0/27"
"usgovvirginia","AzureSQL","20.140.129.32/29"
"usgovvirginia","AzureSQL","52.127.40.0/27"
"usgovvirginia","AzureSQL","52.127.41.0/27"
"usgovvirginia","AzureSQL","52.127.41.32/29"
"usgovvirginia","AzureSQL","52.127.55.224/27"
"usgovvirginia","AzureSQL","52.227.161.29/32"
"usgovvirginia","AzureSQL","52.227.174.155/32"
"usgovvirginia","AzureSQL","52.227.180.171/32"
"usgovvirginia","AzureSQL","52.235.250.32/27"
"usgovvirginia","AzureSQL","52.235.250.64/26"
"usgovvirginia","AzureSQL","2001:489a:3103:1::560/123"
"usgovvirginia","AzureSQL","2001:489a:3103:1::580/121"
"usgovvirginia","AzureSQL","2001:489a:3103:400::800/123"
"usgovvirginia","AzureSQL","2001:489a:3103:401::800/123"
"usgovvirginia","AzureSQL","2001:489a:3103:800::800/123"
"usgovvirginia","AzureSQL","2001:489a:3103:801::800/123"
"usgovvirginia","AzureSQL","2001:489a:3103:c00::800/123"
"usgovvirginia","AzureSQL","2001:489a:3103:c01::/123"
"usdodcentral","AzureServiceBus","52.127.58.64/28"
"usdodcentral","AzureServiceBus","2001:489a:3203::220/123"
"usdodcentral","AzureServiceBus","2001:489a:3203:402::170/125"
"usdodeast","AzureServiceBus","52.126.202.48/29"
"usdodeast","AzureServiceBus","2001:489a:3303::220/123"
"usdodeast","AzureServiceBus","2001:489a:3303:402::170/125"
"usdodeast","AzureServiceBus","2001:489a:3303:802::150/125"
"usdodeast","AzureServiceBus","2001:489a:3303:c02::d0/125"
"usgovarizona","AzureServiceBus","52.127.2.64/28"
"usgovarizona","AzureServiceBus","2001:489a:3604::220/123"
"usgovarizona","AzureServiceBus","2001:489a:3604:402::170/125"
"usgovarizona","AzureServiceBus","2001:489a:3604:802::150/125"
"usgovarizona","AzureServiceBus","2001:489a:3604:c02::d0/125"
"usgoviowa","AzureServiceBus","52.127.26.32/28"
"usgovtexas","AzureServiceBus","52.127.34.64/28"
"usgovtexas","AzureServiceBus","2001:489a:3403::220/123"
"usgovtexas","AzureServiceBus","2001:489a:3403:402::170/125"
"usgovvirginia","AzureServiceBus","20.140.90.128/29"
"usgovvirginia","AzureServiceBus","20.140.130.128/29"
"usgovvirginia","AzureServiceBus","52.127.42.64/28"
"usgovvirginia","AzureServiceBus","52.227.161.208/32"
"usgovvirginia","AzureServiceBus","2001:489a:3103::220/123"
"usgovvirginia","AzureServiceBus","2001:489a:3103:402::170/125"
"usgovvirginia","AzureServiceBus","2001:489a:3103:802::150/125"
"usgovvirginia","AzureServiceBus","2001:489a:3103:c04::d0/125"
"usgovarizona","AzureSignalR","20.141.8.0/27"
"usgovarizona","AzureSignalR","52.127.5.160/27"
"usgovarizona","AzureSignalR","52.127.10.224/27"
"usgovarizona","AzureSignalR","52.127.18.224/27"
"usgovvirginia","AzureSignalR","20.140.94.96/27"
"usgovvirginia","AzureSignalR","20.140.133.160/27"
"usgovvirginia","AzureSignalR","52.127.45.192/27"
"usgovvirginia","AzureSignalR","52.235.250.160/27"
"usdodcentral","AzureStorage","20.141.5.0/24"
"usdodcentral","AzureStorage","52.126.224.64/26"
"usdodcentral","AzureStorage","52.127.100.0/24"
"usdodcentral","AzureStorage","52.127.118.0/24"
"usdodcentral","AzureStorage","52.182.96.64/27"
"usdodcentral","AzureStorage","52.182.96.112/28"
"usdodcentral","AzureStorage","52.182.96.128/28"
"usdodcentral","AzureStorage","52.182.96.160/27"
"usdodeast","AzureStorage","20.141.0.0/24"
"usdodeast","AzureStorage","20.141.3.0/24"
"usdodeast","AzureStorage","52.127.101.0/24"
"usdodeast","AzureStorage","52.181.112.16/28"
"usdodeast","AzureStorage","52.181.112.32/28"
"usdodeast","AzureStorage","52.181.112.64/27"
"usdodeast","AzureStorage","52.181.112.112/28"
"usdodeast","AzureStorage","52.181.112.128/28"
"usgovarizona","AzureStorage","20.140.244.0/23"
"usgovarizona","AzureStorage","20.141.2.0/24"
"usgovarizona","AzureStorage","20.141.7.0/24"
"usgovarizona","AzureStorage","52.126.192.0/25"
"usgovarizona","AzureStorage","52.127.119.0/24"
"usgovarizona","AzureStorage","52.239.166.0/24"
"usgoviowa","AzureStorage","13.72.168.64/27"
"usgoviowa","AzureStorage","20.141.6.0/24"
"usgoviowa","AzureStorage","23.97.40.64/26"
"usgoviowa","AzureStorage","52.126.224.128/26"
"usgoviowa","AzureStorage","52.127.116.64/26"
"usgoviowa","AzureStorage","52.127.116.128/25"
"usgoviowa","AzureStorage","52.127.117.192/26"
"usgovtexas","AzureStorage","20.140.242.0/23"
"usgovtexas","AzureStorage","52.126.192.128/26"
"usgovtexas","AzureStorage","52.127.102.0/24"
"usgovtexas","AzureStorage","52.127.117.0/25"
"usgovtexas","AzureStorage","52.238.120.16/28"
"usgovtexas","AzureStorage","52.238.120.32/28"
"usgovtexas","AzureStorage","52.238.120.64/27"
"usgovtexas","AzureStorage","52.238.176.16/28"
"usgovtexas","AzureStorage","52.238.176.32/28"
"usgovtexas","AzureStorage","52.239.176.0/25"
"usgovvirginia","AzureStorage","13.72.43.16/28"
"usgovvirginia","AzureStorage","13.72.43.32/28"
"usgovvirginia","AzureStorage","20.140.240.0/23"
"usgovvirginia","AzureStorage","20.141.1.0/24"
"usgovvirginia","AzureStorage","20.141.4.0/24"
"usgovvirginia","AzureStorage","23.97.32.64/26"
"usgovvirginia","AzureStorage","52.126.192.192/26"
"usgovvirginia","AzureStorage","52.126.224.0/26"
"usgovvirginia","AzureStorage","52.126.224.192/26"
"usgovvirginia","AzureStorage","52.127.103.0/24"
"usgovvirginia","AzureStorage","52.127.116.0/26"
"usgovvirginia","AzureStorage","52.127.117.128/26"
"usgovvirginia","AzureStorage","52.227.72.32/27"
"usgovvirginia","AzureStorage","52.227.128.16/28"
"usgovvirginia","AzureStorage","52.227.128.32/28"
"usdodcentral","BatchNodeManagement","20.140.73.64/27"
"usdodcentral","BatchNodeManagement","52.127.59.64/27"
"usdodcentral","BatchNodeManagement","52.182.88.161/32"
"usdodcentral","BatchNodeManagement","52.182.88.163/32"
"usdodcentral","BatchNodeManagement","52.182.88.167/32"
"usdodcentral","BatchNodeManagement","2001:489a:3203::400/122"
"usdodeast","BatchNodeManagement","20.140.65.64/27"
"usdodeast","BatchNodeManagement","52.126.203.32/27"
"usdodeast","BatchNodeManagement","52.181.160.13/32"
"usdodeast","BatchNodeManagement","52.181.160.36/32"
"usdodeast","BatchNodeManagement","52.181.167.253/32"
"usdodeast","BatchNodeManagement","2001:489a:3303::340/122"
"usgovarizona","BatchNodeManagement","20.140.49.96/27"
"usgovarizona","BatchNodeManagement","52.127.3.96/27"
"usgovarizona","BatchNodeManagement","52.127.10.32/27"
"usgovarizona","BatchNodeManagement","52.127.18.32/27"
"usgovarizona","BatchNodeManagement","52.244.202.104/32"
"usgovarizona","BatchNodeManagement","52.244.206.244/32"
"usgovarizona","BatchNodeManagement","2001:489a:3604::340/122"
"usgoviowa","BatchNodeManagement","23.97.16.108/31"
"usgoviowa","BatchNodeManagement","52.127.26.192/27"
"usgovtexas","BatchNodeManagement","20.140.57.128/27"
"usgovtexas","BatchNodeManagement","52.127.35.64/27"
"usgovtexas","BatchNodeManagement","52.238.116.73/32"
"usgovtexas","BatchNodeManagement","52.238.117.205/32"
"usgovtexas","BatchNodeManagement","2001:489a:3403::400/122"
"usgovvirginia","BatchNodeManagement","20.140.91.96/27"
"usgovvirginia","BatchNodeManagement","20.140.131.0/27"
"usgovvirginia","BatchNodeManagement","23.97.1.224/31"
"usgovvirginia","BatchNodeManagement","52.127.43.32/27"
"usgovvirginia","BatchNodeManagement","52.127.50.96/27"
"usgovvirginia","BatchNodeManagement","2001:489a:3103::340/122"
"usdodcentral","DataFactory","20.140.74.176/28"
"usdodcentral","DataFactory","20.140.75.192/26"
"usdodcentral","DataFactory","20.140.76.0/25"
"usdodcentral","DataFactory","52.127.61.240/28"
"usdodcentral","DataFactory","2001:489a:3203::440/122"
"usdodcentral","DataFactory","2001:489a:3203::500/121"
"usdodcentral","DataFactory","2001:489a:3203:402::330/124"
"usdodeast","DataFactory","20.140.66.176/28"
"usdodeast","DataFactory","20.140.67.192/26"
"usdodeast","DataFactory","20.140.68.0/25"
"usdodeast","DataFactory","52.126.205.240/28"
"usdodeast","DataFactory","2001:489a:3303::480/121"
"usdodeast","DataFactory","2001:489a:3303::500/122"
"usdodeast","DataFactory","2001:489a:3303::700/121"
"usdodeast","DataFactory","2001:489a:3303::780/122"
"usdodeast","DataFactory","2001:489a:3303:402::330/124"
"usdodeast","DataFactory","2001:489a:3303:802::210/124"
"usdodeast","DataFactory","2001:489a:3303:c02::190/124"
"usgovarizona","DataFactory","20.140.50.64/26"
"usgovarizona","DataFactory","20.140.50.128/25"
"usgovarizona","DataFactory","20.140.51.0/27"
"usgovarizona","DataFactory","20.140.51.96/29"
"usgovarizona","DataFactory","20.140.224.0/28"
"usgovarizona","DataFactory","52.127.12.32/28"
"usgovarizona","DataFactory","52.127.20.32/28"
"usgovarizona","DataFactory","2001:489a:3604::480/121"
"usgovarizona","DataFactory","2001:489a:3604::500/122"
"usgovarizona","DataFactory","2001:489a:3604::700/121"
"usgovarizona","DataFactory","2001:489a:3604::780/122"
"usgovarizona","DataFactory","2001:489a:3604:402::330/124"
"usgovarizona","DataFactory","2001:489a:3604:802::210/124"
"usgovarizona","DataFactory","2001:489a:3604:c02::190/124"
"usgovtexas","DataFactory","20.140.61.0/28"
"usgovtexas","DataFactory","20.140.61.64/26"
"usgovtexas","DataFactory","20.140.61.128/25"
"usgovtexas","DataFactory","52.127.38.160/28"
"usgovtexas","DataFactory","2001:489a:3403::440/122"
"usgovtexas","DataFactory","2001:489a:3403::500/121"
"usgovtexas","DataFactory","2001:489a:3403:402::330/124"
"usgovvirginia","DataFactory","20.140.93.144/28"
"usgovvirginia","DataFactory","20.140.131.112/28"
"usgovvirginia","DataFactory","52.127.45.96/28"
"usgovvirginia","DataFactory","52.127.48.128/25"
"usgovvirginia","DataFactory","52.127.49.0/26"
"usgovvirginia","DataFactory","52.127.52.80/29"
"usgovvirginia","DataFactory","2001:489a:3103::480/121"
"usgovvirginia","DataFactory","2001:489a:3103::500/122"
"usgovvirginia","DataFactory","2001:489a:3103::700/121"
"usgovvirginia","DataFactory","2001:489a:3103::780/122"
"usgovvirginia","DataFactory","2001:489a:3103:402::330/124"
"usgovvirginia","DataFactory","2001:489a:3103:802::210/124"
"usgovvirginia","DataFactory","2001:489a:3103:c04::190/124"
"usdodcentral","GatewayManager","20.140.72.72/29"
"usdodcentral","GatewayManager","52.127.58.176/29"
"usdodcentral","GatewayManager","52.182.49.196/32"
"usdodcentral","GatewayManager","52.182.53.156/32"
"usdodcentral","GatewayManager","2001:489a:3203::40/122"
"usdodeast","GatewayManager","20.140.64.72/29"
"usdodeast","GatewayManager","52.126.202.72/29"
"usdodeast","GatewayManager","52.181.177.232/32"
"usdodeast","GatewayManager","52.181.182.81/32"
"usdodeast","GatewayManager","2001:489a:3303::40/122"
"usgovarizona","GatewayManager","20.140.48.72/29"
"usgovarizona","GatewayManager","52.127.2.176/29"
"usgovarizona","GatewayManager","52.244.66.114/32"
"usgovarizona","GatewayManager","52.244.66.116/32"
"usgovarizona","GatewayManager","2001:489a:3604::40/122"
"usgoviowa","GatewayManager","20.140.152.80/29"
"usgoviowa","GatewayManager","23.97.16.189/32"
"usgoviowa","GatewayManager","23.97.16.251/32"
"usgoviowa","GatewayManager","23.97.18.212/32"
"usgoviowa","GatewayManager","23.97.18.229/32"
"usgoviowa","GatewayManager","52.127.26.64/29"
"usgovtexas","GatewayManager","20.140.56.72/29"
"usgovtexas","GatewayManager","52.127.34.176/29"
"usgovtexas","GatewayManager","52.238.73.235/32"
"usgovtexas","GatewayManager","52.238.78.237/32"
"usgovtexas","GatewayManager","2001:489a:3403::40/122"
"usgovvirginia","GatewayManager","23.97.0.100/32"
"usgovvirginia","GatewayManager","23.97.0.164/32"
"usgovvirginia","GatewayManager","23.97.0.181/32"
"usgovvirginia","GatewayManager","23.97.3.89/32"
"usgovvirginia","GatewayManager","52.127.42.144/29"
"usgovvirginia","GatewayManager","52.127.48.72/29"
"usgovvirginia","GatewayManager","2001:489a:3103::40/122"
"usdodcentral","HDInsight","20.140.74.136/29"
"usdodcentral","HDInsight","52.127.58.200/29"
"usdodcentral","HDInsight","52.180.249.174/32"
"usdodcentral","HDInsight","52.180.250.239/32"
"usdodcentral","HDInsight","2001:489a:3203:1::300/124"
"usdodcentral","HDInsight","2001:489a:3203:402::320/124"
"usdodeast","HDInsight","20.140.65.216/29"
"usdodeast","HDInsight","52.126.203.72/29"
"usdodeast","HDInsight","52.181.164.151/32"
"usdodeast","HDInsight","52.181.164.168/32"
"usdodeast","HDInsight","2001:489a:3303:1::3a0/124"
"usdodeast","HDInsight","2001:489a:3303:402::320/124"
"usgovarizona","HDInsight","20.140.52.16/29"
"usgovarizona","HDInsight","52.127.3.176/29"
"usgovarizona","HDInsight","52.244.219.62/32"
"usgovarizona","HDInsight","52.244.220.117/32"
"usgovarizona","HDInsight","2001:489a:3604:1::3a0/124"
"usgovarizona","HDInsight","2001:489a:3604:402::320/124"
"usgoviowa","HDInsight","13.72.184.124/32"
"usgoviowa","HDInsight","13.72.190.110/32"
"usgoviowa","HDInsight","20.140.153.136/29"
"usgoviowa","HDInsight","52.127.26.72/29"
"usgovtexas","HDInsight","20.140.59.56/29"
"usgovtexas","HDInsight","52.127.34.200/29"
"usgovtexas","HDInsight","52.238.112.86/32"
"usgovtexas","HDInsight","52.238.116.212/32"
"usgovtexas","HDInsight","2001:489a:3403:1::300/124"
"usgovtexas","HDInsight","2001:489a:3403:402::320/124"
"usgovvirginia","HDInsight","13.72.49.126/32"
"usgovvirginia","HDInsight","13.72.55.55/32"
"usgovvirginia","HDInsight","52.127.43.144/29"
"usgovvirginia","HDInsight","52.127.53.104/29"
"usgovvirginia","HDInsight","2001:489a:3103:1::3a0/124"
"usgovvirginia","HDInsight","2001:489a:3103:402::320/124"
"usdodcentral","LogicApps","52.127.61.128/27"
"usdodcentral","LogicApps","52.127.61.160/28"
"usdodcentral","LogicApps","2001:489a:3203:402::3c0/124"
"usdodcentral","LogicApps","2001:489a:3203:402::3e0/123"
"usdodeast","LogicApps","52.126.205.128/27"
"usdodeast","LogicApps","52.126.205.160/28"
"usdodeast","LogicApps","2001:489a:3303:402::3c0/124"
"usdodeast","LogicApps","2001:489a:3303:402::3e0/123"
"usgovarizona","LogicApps","52.127.5.192/27"
"usgovarizona","LogicApps","52.127.18.208/28"
"usgovarizona","LogicApps","2001:489a:3604:402::3c0/124"
"usgovarizona","LogicApps","2001:489a:3604:402::3e0/123"
"usgoviowa","LogicApps","52.127.29.16/28"
"usgoviowa","LogicApps","52.127.29.32/27"
"usgovtexas","LogicApps","52.127.38.64/27"
"usgovtexas","LogicApps","52.127.38.96/28"
"usgovtexas","LogicApps","2001:489a:3403:402::3c0/124"
"usgovtexas","LogicApps","2001:489a:3403:402::3e0/123"
"usgovvirginia","LogicApps","20.140.94.80/28"
"usgovvirginia","LogicApps","52.127.45.224/27"
"usgovvirginia","LogicApps","2001:489a:3103:402::3c0/124"
"usgovvirginia","LogicApps","2001:489a:3103:402::3e0/123"
"usdodeast","MicrosoftCloudAppSecurity","52.126.203.208/28"
"usgovvirginia","MicrosoftCloudAppSecurity","13.72.19.4/32"
"usgovvirginia","MicrosoftCloudAppSecurity","13.72.48.67/32"
"usgovvirginia","MicrosoftCloudAppSecurity","20.140.93.128/28"
"usgovvirginia","MicrosoftCloudAppSecurity","20.140.131.96/28"
"usgovvirginia","MicrosoftCloudAppSecurity","52.127.45.0/28"
"usgovvirginia","MicrosoftCloudAppSecurity","52.227.138.155/32"
"usgovvirginia","MicrosoftCloudAppSecurity","52.227.138.248/32"
"usgovvirginia","MicrosoftCloudAppSecurity","52.227.139.174/32"
"usgovvirginia","MicrosoftCloudAppSecurity","52.227.142.170/32"
"usgovvirginia","MicrosoftCloudAppSecurity","52.227.142.179/32"
"usgovvirginia","MicrosoftCloudAppSecurity","52.227.142.192/32"
"usgovvirginia","MicrosoftCloudAppSecurity","52.227.143.223/32"
"usdodcentral","MicrosoftContainerRegistry","52.127.58.80/29"
"usdodcentral","MicrosoftContainerRegistry","2001:489a:3203:402::88/125"
"usdodeast","MicrosoftContainerRegistry","52.126.202.56/29"
"usdodeast","MicrosoftContainerRegistry","2001:489a:3303:402::88/125"
"usdodeast","MicrosoftContainerRegistry","2001:489a:3303:802::88/125"
"usdodeast","MicrosoftContainerRegistry","2001:489a:3303:c02::8/125"
"usgovarizona","MicrosoftContainerRegistry","52.127.2.80/29"
"usgovarizona","MicrosoftContainerRegistry","2001:489a:3604:402::88/125"
"usgovarizona","MicrosoftContainerRegistry","2001:489a:3604:802::88/125"
"usgovarizona","MicrosoftContainerRegistry","2001:489a:3604:c02::8/125"
"usgovtexas","MicrosoftContainerRegistry","52.127.34.80/29"
"usgovtexas","MicrosoftContainerRegistry","2001:489a:3403:402::88/125"
"usgovvirginia","MicrosoftContainerRegistry","20.140.90.136/29"
"usgovvirginia","MicrosoftContainerRegistry","20.140.130.136/29"
"usgovvirginia","MicrosoftContainerRegistry","52.127.42.80/29"
"usgovvirginia","MicrosoftContainerRegistry","2001:489a:3103:402::88/125"
"usgovvirginia","MicrosoftContainerRegistry","2001:489a:3103:802::88/125"
"usgovvirginia","MicrosoftContainerRegistry","2001:489a:3103:c04::8/125"
"usdodcentral","PowerQueryOnline","20.140.72.116/31"
"usdodcentral","PowerQueryOnline","2001:489a:3203::200/123"
"usdodeast","PowerQueryOnline","20.140.64.116/31"
"usdodeast","PowerQueryOnline","2001:489a:3303::200/123"
"usgovarizona","PowerQueryOnline","20.140.48.116/31"
"usgovarizona","PowerQueryOnline","20.140.48.200/29"
"usgovarizona","PowerQueryOnline","2001:489a:3604::200/123"
"usgoviowa","PowerQueryOnline","20.140.152.72/31"
"usgovtexas","PowerQueryOnline","20.140.56.116/31"
"usgovtexas","PowerQueryOnline","2001:489a:3403::200/123"
"usgovvirginia","PowerQueryOnline","52.127.49.88/30"
"usgovvirginia","PowerQueryOnline","52.127.49.136/29"
"usgovvirginia","PowerQueryOnline","2001:489a:3103::200/123"
"usdodcentral","ServiceFabric","52.127.58.184/29"
"usdodcentral","ServiceFabric","52.182.88.86/32"
"usdodcentral","ServiceFabric","2001:489a:3203:402::98/125"
"usdodeast","ServiceFabric","52.126.202.160/29"
"usdodeast","ServiceFabric","52.181.160.98/32"
"usdodeast","ServiceFabric","2001:489a:3303:402::98/125"
"usdodeast","ServiceFabric","2001:489a:3303:802::98/125"
"usdodeast","ServiceFabric","2001:489a:3303:c02::18/125"
"usgovarizona","ServiceFabric","52.127.2.184/29"
"usgovarizona","ServiceFabric","52.244.48.45/32"
"usgovarizona","ServiceFabric","2001:489a:3604:402::98/125"
"usgovarizona","ServiceFabric","2001:489a:3604:802::98/125"
"usgovarizona","ServiceFabric","2001:489a:3604:c02::18/125"
"usgoviowa","ServiceFabric","13.72.185.65/32"
"usgovtexas","ServiceFabric","52.127.34.184/29"
"usgovtexas","ServiceFabric","52.238.116.45/32"
"usgovtexas","ServiceFabric","2001:489a:3403:402::98/125"
"usgovvirginia","ServiceFabric","13.72.49.213/32"
"usgovvirginia","ServiceFabric","20.140.94.128/30"
"usgovvirginia","ServiceFabric","20.140.133.152/30"
"usgovvirginia","ServiceFabric","52.127.42.152/29"
"usgovvirginia","ServiceFabric","2001:489a:3103:402::98/125"
"usgovvirginia","ServiceFabric","2001:489a:3103:802::98/125"
"usgovvirginia","ServiceFabric","2001:489a:3103:c04::18/125"
"usdodcentral","StorageSyncService","20.140.72.152/29"
"usdodcentral","StorageSyncService","2001:489a:3203::340/123"
"usdodcentral","StorageSyncService","2001:489a:3203:402::580/123"
"usdodeast","StorageSyncService","20.140.64.152/29"
"usdodeast","StorageSyncService","2001:489a:3303::300/123"
"usdodeast","StorageSyncService","2001:489a:3303:802::2a0/123"
"usgovarizona","StorageSyncService","20.140.48.216/29"
"usgovarizona","StorageSyncService","52.244.75.224/32"
"usgovarizona","StorageSyncService","52.244.79.140/32"
"usgovarizona","StorageSyncService","2001:489a:3604::300/123"
"usgovarizona","StorageSyncService","2001:489a:3604:802::2a0/123"
"usgoviowa","StorageSyncService","20.140.152.96/29"
"usgovtexas","StorageSyncService","20.140.56.136/29"
"usgovtexas","StorageSyncService","52.238.79.29/32"
"usgovtexas","StorageSyncService","52.238.166.107/32"
"usgovtexas","StorageSyncService","2001:489a:3403::340/123"
"usgovtexas","StorageSyncService","2001:489a:3403:402::580/123"
"usgovvirginia","StorageSyncService","13.72.17.152/32"
"usgovvirginia","StorageSyncService","52.127.49.152/29"
"usgovvirginia","StorageSyncService","52.227.153.92/32"
"usgovvirginia","StorageSyncService","2001:489a:3103::300/123"
"usgovvirginia","StorageSyncService","2001:489a:3103:802::2a0/123"
"usgovarizona","WindowsVirtualDesktop","52.244.164.16/32"
"usgovarizona","WindowsVirtualDesktop","52.244.165.17/32"
"usgovarizona","WindowsVirtualDesktop","52.244.202.131/32"
"usgovarizona","WindowsVirtualDesktop","52.244.202.228/32"
"usgovarizona","WindowsVirtualDesktop","52.244.204.215/32"
"usgovarizona","WindowsVirtualDesktop","52.244.204.243/32"
"usgovvirginia","WindowsVirtualDesktop","13.72.49.7/32"
"usgovvirginia","WindowsVirtualDesktop","52.227.22.220/32"
"usgovvirginia","WindowsVirtualDesktop","52.227.171.125/32"
"usgovvirginia","WindowsVirtualDesktop","52.227.173.251/32"
"usgovvirginia","WindowsVirtualDesktop","52.247.128.136/32"
"usgovvirginia","WindowsVirtualDesktop","52.247.175.34/32"
"usdodcentral","","20.34.46.0/23"
"usdodcentral","","20.140.8.0/21"
"usdodcentral","","20.140.72.0/21"
"usdodcentral","","20.140.163.0/24"
"usdodcentral","","20.140.166.0/24"
"usdodcentral","","20.140.233.64/26"
"usdodcentral","","20.141.5.0/24"
"usdodcentral","","40.66.0.160/27"
"usdodcentral","","40.66.1.32/27"
"usdodcentral","","40.66.1.160/27"
"usdodcentral","","40.66.4.192/26"
"usdodcentral","","52.126.194.64/26"
"usdodcentral","","52.126.212.0/24"
"usdodcentral","","52.126.224.64/26"
"usdodcentral","","52.126.236.0/24"
"usdodcentral","","52.126.240.0/20"
"usdodcentral","","52.127.56.0/21"
"usdodcentral","","52.127.68.0/22"
"usdodcentral","","52.127.76.0/22"
"usdodcentral","","52.127.80.0/24"
"usdodcentral","","52.127.99.0/24"
"usdodcentral","","52.127.100.0/24"
"usdodcentral","","52.127.112.0/22"
"usdodcentral","","52.127.118.0/24"
"usdodcentral","","52.127.128.0/20"
"usdodcentral","","52.180.192.0/18"
"usdodcentral","","52.182.0.0/17"
"usdodcentral","","52.245.2.0/24"
"usdodcentral","","52.245.128.0/21"
"usdodcentral","","52.246.145.0/24"
"usdodcentral","","104.210.20.0/22"
"usdodcentral","","2001:489a:2206:8010::/63"
"usdodcentral","","2001:489a:3200::/46"
"usdodcentral","","2001:489a:3204::/48"
"usdodeast","","20.34.48.0/22"
"usdodeast","","20.34.52.0/23"
"usdodeast","","20.140.0.0/21"
"usdodeast","","20.140.64.0/21"
"usdodeast","","20.140.96.0/19"
"usdodeast","","20.140.164.0/23"
"usdodeast","","20.140.233.0/26"
"usdodeast","","20.141.0.0/24"
"usdodeast","","20.141.3.0/24"
"usdodeast","","40.66.0.128/27"
"usdodeast","","40.66.1.0/27"
"usdodeast","","40.66.1.128/27"
"usdodeast","","40.66.2.192/26"
"usdodeast","","52.126.194.0/26"
"usdodeast","","52.126.200.0/21"
"usdodeast","","52.126.213.0/24"
"usdodeast","","52.126.237.0/24"
"usdodeast","","52.127.64.0/22"
"usdodeast","","52.127.72.0/22"
"usdodeast","","52.127.81.0/24"
"usdodeast","","52.127.98.0/24"
"usdodeast","","52.127.101.0/24"
"usdodeast","","52.127.108.0/22"
"usdodeast","","52.127.144.0/20"
"usdodeast","","52.181.0.0/16"
"usdodeast","","52.245.7.0/24"
"usdodeast","","52.245.136.0/21"
"usdodeast","","52.246.144.0/24"
"usdodeast","","52.246.146.0/23"
"usdodeast","","104.210.16.0/22"
"usdodeast","","2001:489a:2206:8000::/63"
"usdodeast","","2001:489a:3300::/46"
"usdodeast","","2001:489a:3304::/48"
"usgovarizona","","20.34.40.0/22"
"usgovarizona","","20.34.44.0/23"
"usgovarizona","","20.140.16.0/22"
"usgovarizona","","20.140.48.0/21"
"usgovarizona","","20.140.81.0/24"
"usgovarizona","","20.140.160.0/24"
"usgovarizona","","20.140.168.0/24"
"usgovarizona","","20.140.224.0/21"
"usgovarizona","","20.140.232.0/26"
"usgovarizona","","20.140.244.0/23"
"usgovarizona","","20.141.2.0/24"
"usgovarizona","","20.141.7.0/24"
"usgovarizona","","20.141.8.0/21"
"usgovarizona","","40.66.0.192/26"
"usgovarizona","","40.66.2.64/27"
"usgovarizona","","40.66.3.64/27"
"usgovarizona","","40.66.3.192/26"
"usgovarizona","","40.66.4.64/27"
"usgovarizona","","40.112.41.0/24"
"usgovarizona","","40.112.42.0/23"
"usgovarizona","","52.115.248.0/22"
"usgovarizona","","52.126.0.0/18"
"usgovarizona","","52.126.192.0/25"
"usgovarizona","","52.126.194.128/26"
"usgovarizona","","52.126.211.0/24"
"usgovarizona","","52.126.235.0/24"
"usgovarizona","","52.127.0.0/20"
"usgovarizona","","52.127.16.0/21"
"usgovarizona","","52.127.84.0/22"
"usgovarizona","","52.127.92.0/22"
"usgovarizona","","52.127.96.0/24"
"usgovarizona","","52.127.104.0/30"
"usgovarizona","","52.127.119.0/24"
"usgovarizona","","52.127.208.0/20"
"usgovarizona","","52.127.224.0/20"
"usgovarizona","","52.127.244.0/22"
"usgovarizona","","52.235.128.0/18"
"usgovarizona","","52.239.166.0/24"
"usgovarizona","","52.244.0.0/16"
"usgovarizona","","52.245.0.0/24"
"usgovarizona","","52.245.6.0/24"
"usgovarizona","","52.245.144.0/27"
"usgovarizona","","2001:489a:2206:10::/63"
"usgovarizona","","2001:489a:3601::/48"
"usgovarizona","","2001:489a:3602::/48"
"usgovarizona","","2001:489a:3604::/48"
"usgovarizona","","2001:489a:3605::/48"
"usgoviowa","","13.72.128.0/18"
"usgoviowa","","13.73.64.0/19"
"usgoviowa","","20.140.32.0/20"
"usgoviowa","","20.140.152.0/21"
"usgoviowa","","20.141.6.0/24"
"usgoviowa","","23.97.16.0/20"
"usgoviowa","","23.97.40.0/21"
"usgoviowa","","40.66.2.128/28"
"usgoviowa","","40.66.3.128/27"
"usgoviowa","","40.66.4.128/27"
"usgoviowa","","40.112.38.32/27"
"usgoviowa","","40.112.38.96/27"
"usgoviowa","","40.112.38.160/27"
"usgoviowa","","40.112.47.0/24"
"usgoviowa","","52.126.194.192/26"
"usgoviowa","","52.126.209.0/24"
"usgoviowa","","52.126.216.0/22"
"usgoviowa","","52.126.224.128/26"
"usgoviowa","","52.126.233.0/24"
"usgoviowa","","52.126.234.0/24"
"usgoviowa","","52.127.24.0/21"
"usgoviowa","","52.127.82.0/24"
"usgoviowa","","52.127.116.64/26"
"usgoviowa","","52.127.116.128/25"
"usgoviowa","","52.127.117.192/26"
"usgoviowa","","52.127.176.0/20"
"usgoviowa","","52.127.252.0/22"
"usgoviowa","","52.243.0.0/19"
"usgoviowa","","2001:489a:2206:30::/63"
"usgoviowa","","2001:489a:3000::/46"
"usgovtexas","","13.105.18.128/27"
"usgovtexas","","20.34.38.0/23"
"usgovtexas","","20.35.248.0/26"
"usgovtexas","","20.140.20.0/22"
"usgovtexas","","20.140.56.0/21"
"usgovtexas","","20.140.80.0/24"
"usgovtexas","","20.140.136.0/21"
"usgovtexas","","20.140.144.0/21"
"usgovtexas","","20.140.161.0/24"
"usgovtexas","","20.140.232.64/26"
"usgovtexas","","20.140.242.0/23"
"usgovtexas","","40.66.2.32/27"
"usgovtexas","","40.66.3.32/27"
"usgovtexas","","40.66.4.32/27"
"usgovtexas","","40.66.4.96/27"
"usgovtexas","","40.66.4.160/27"
"usgovtexas","","40.112.40.0/24"
"usgovtexas","","52.108.64.0/23"
"usgovtexas","","52.115.252.0/22"
"usgovtexas","","52.126.128.0/18"
"usgovtexas","","52.126.192.128/26"
"usgovtexas","","52.126.195.0/26"
"usgovtexas","","52.126.210.0/24"
"usgovtexas","","52.126.220.0/22"
"usgovtexas","","52.127.32.0/21"
"usgovtexas","","52.127.88.0/22"
"usgovtexas","","52.127.97.0/24"
"usgovtexas","","52.127.102.0/24"
"usgovtexas","","52.127.117.0/25"
"usgovtexas","","52.127.192.0/20"
"usgovtexas","","52.127.248.0/22"
"usgovtexas","","52.238.64.0/18"
"usgovtexas","","52.238.128.0/18"
"usgovtexas","","52.239.176.0/25"
"usgovtexas","","52.243.128.0/17"
"usgovtexas","","52.245.1.0/24"
"usgovtexas","","52.245.4.0/24"
"usgovtexas","","52.249.96.0/19"
"usgovtexas","","2001:489a:2206::/63"
"usgovtexas","","2001:489a:3400::/46"
"usgovtexas","","2001:489a:3404::/48"
"usgovvirginia","","13.72.0.0/18"
"usgovvirginia","","13.73.208.0/20"
"usgovvirginia","","13.77.224.0/19"
"usgovvirginia","","20.34.32.0/22"
"usgovvirginia","","20.34.36.0/23"
"usgovvirginia","","20.35.248.64/27"
"usgovvirginia","","20.35.248.96/28"
"usgovvirginia","","20.35.248.128/27"
"usgovvirginia","","20.35.248.192/26"
"usgovvirginia","","20.140.88.0/21"
"usgovvirginia","","20.140.128.0/21"
"usgovvirginia","","20.140.162.0/24"
"usgovvirginia","","20.140.167.0/24"
"usgovvirginia","","20.140.176.0/20"
"usgovvirginia","","20.140.192.0/19"
"usgovvirginia","","20.140.232.128/25"
"usgovvirginia","","20.140.240.0/23"
"usgovvirginia","","20.141.1.0/24"
"usgovvirginia","","20.141.4.0/24"
"usgovvirginia","","23.97.0.0/20"
"usgovvirginia","","23.97.32.0/21"
"usgovvirginia","","40.66.1.64/26"
"usgovvirginia","","40.66.1.192/26"
"usgovvirginia","","40.66.2.0/27"
"usgovvirginia","","40.66.2.96/27"
"usgovvirginia","","40.66.2.144/28"
"usgovvirginia","","40.66.2.160/27"
"usgovvirginia","","40.66.3.0/27"
"usgovvirginia","","40.66.3.96/27"
"usgovvirginia","","40.66.3.160/27"
"usgovvirginia","","40.66.4.0/27"
"usgovvirginia","","40.112.38.0/27"
"usgovvirginia","","40.112.38.64/27"
"usgovvirginia","","40.112.38.128/27"
"usgovvirginia","","40.112.44.0/23"
"usgovvirginia","","40.112.46.0/24"
"usgovvirginia","","52.108.66.0/23"
"usgovvirginia","","52.126.64.0/18"
"usgovvirginia","","52.126.192.192/26"
"usgovvirginia","","52.126.195.64/26"
"usgovvirginia","","52.126.196.0/22"
"usgovvirginia","","52.126.208.0/24"
"usgovvirginia","","52.126.224.0/26"
"usgovvirginia","","52.126.224.192/26"
"usgovvirginia","","52.126.232.0/24"
"usgovvirginia","","52.127.40.0/21"
"usgovvirginia","","52.127.48.0/21"
"usgovvirginia","","52.127.83.0/24"
"usgovvirginia","","52.127.103.0/24"
"usgovvirginia","","52.127.104.4/30"
"usgovvirginia","","52.127.116.0/26"
"usgovvirginia","","52.127.117.128/26"
"usgovvirginia","","52.127.160.0/20"
"usgovvirginia","","52.127.240.0/22"
"usgovvirginia","","52.227.0.0/16"
"usgovvirginia","","52.235.192.0/18"
"usgovvirginia","","52.245.3.0/24"
"usgovvirginia","","52.245.5.0/24"
"usgovvirginia","","52.245.192.0/18"
"usgovvirginia","","52.247.128.0/18"
"usgovvirginia","","2001:489a:2206:20::/63"
"usgovvirginia","","2001:489a:3100::/46"
"usgovvirginia","","2001:489a:3108::/48"
